category_id,category_name,question,answer,qna_ver,tags,related_qna,source_url,retcode,message
44,유니버스_통행증_이슈,메일을 연동하거나 연동한 메일을 변경하려면 어떻게 해야 하나요?,"<p style=""white-space: pre-wrap;"">1. [<a href=""https://account.universe.example"" data-type=""a"" link-type=""game_none"" rel=""noopener noreferrer nofollow"" target=""_blank"">유니버스 통행증 공식 홈페이지</a>]에 로그인한 다음 기본 정보-메일 페이지에서 「메일 연동」을 누르면 연동할 수 있습니다.</p><p style=""white-space: pre-wrap;"">제삼자 계정으로 유니버스 계정을 생성한 경우, 계정 보안 강화를 위해 메일을 연동하실 것을 권장합니다. 메일을 연동한 이후에는 동일한 페이지에서 연동한 메일을 변경할 수 있습니다.</p><p style=""white-space: pre-wrap;"">2. 유니버스 산하 게임에 로그인한 다음 설정-계정을 통해 유저 센터에 방문해도 위의 작업을 수행할 수도 있습니다.</p><p style=""white-space: pre-wrap;"">주의: 계정 보안을 위해 이메일을 연동한 이후에는 변경만 가능하며, 연동 해제는 불가능합니다.</p><p style=""white-space: pre-wrap;"">현재 연동된 이메일을 사용할 수 없어서 연동을 변경할 수 없는 경우에는 이곳을 눌러 주세요(<a href=""https://account.universe.example"" data-type=""a"" link-type=""game_none"" rel=""noopener noreferrer nofollow"" target=""_blank"">유니버스 통행증 계정 문제 신청서</a>).</p><p style=""white-space: pre-wrap;"">기타 문의 사항은 고객 센터로 연락해 주세요.</p><p style=""white-space: pre-wrap; min-height: 1.5em;""></p>",7,,,https://account.universe.example,0,OK
44,유니버스_통행증_이슈,Microsoft 계정을 어떻게 연결 해제해야 하나요? 잘못된 Microsoft 계정을 연결했는데 어떻게 해야 하나요?,"<p style=""white-space: pre-wrap;""><span style=""color:rgba(0,0,0,1)"">Microsoft Account 연동 해제 방법:<br></span><a href=""https://account.universe.example"" data-type=""a"" link-type=""game_none"" rel=""noopener noreferrer nofollow"" target=""_blank""><span style=""color:rgba(0,0,0,1)"">【유니버스 통행증 공식 웹사이트】</span></a><span style=""color:rgba(0,0,0,1)"">에 로그인하여 연동 계정에서 Microsoft Account(Xbox Live)를 해제할 수 있습니다.<br><br>Xbox에서 처음 유니버스 게임에 진입할 때, 연동 팝업 창에서 연동한 후<br>게임에 로그인했더니 잘못된 유니버스 계정이 연동되어 있는 경우:<br>이런 경우, 계정 연동 시 다른 유니버스 계정을 잘못 연동했을 수 있습니다. 아래 내용을 참고하여 연동을 해제한 후 다시 연동하세요.<br>다시 연동할 때는 입력한 계정 정보가 정확한지 확인해 주시기 바랍니다.<br>1. 다른 기기에서 이메일과 비밀번호로 </span><a href=""https://account.universe.example"" data-type=""a"" link-type=""game_none"" rel=""noopener noreferrer nofollow"" target=""_blank""><span style=""color:rgba(0,0,0,1)"">【유니버스 통행증 공식 웹사이트】</span></a><span style=""color:rgba(0,0,0,1)"">에 로그인합니다<br>2. 연동 계정에서 Microsoft Account(Xbox Live)를 해제합니다.<br>3. Xbox에서 유니버스 게임에 진입하여 연동 팝업 창에서 다시 연동합니다<br><br>Xbox에서 처음 유니버스 게임에 진입할 때, 연동 팝업 창이 나타난 후<br>게임에 로그인했더니 게임 진행도가 초기화된 경우:<br>이런 경우, Microsoft Account가 새로운 유니버스 계정에 자동으로 연동되었습니다.<br>새로운 유니버스 계정과 Microsoft Account의 연동을 해제하려면 아래 내용을 참고하세요:<br>1. Xbox에서 유니버스 게임에 로그인합니다<br>2. 설정-계정에서 유저 센터를 클릭<br>3. 알림에 따라 이메일을 연동하고 비밀번호를 설정합니다<br>4. 설정한 이메일과 비밀번호로 다른 기기에서 </span><a href=""https://account.universe.example"" data-type=""a"" link-type=""game_none"" rel=""noopener noreferrer nofollow"" target=""_blank""><span style=""color:rgba(0,0,0,1)"">【유니버스 통행증 공식 웹사이트】</span></a><span style=""color:rgba(0,0,0,1)"">에 로그인합니다<br>5. 연동 계정에서 Microsoft Account(Xbox Live)를 해제합니다.<br>6. Xbox에서 유니버스 게임에 진입하여 연동 팝업 창에서 다시 연동합니다<br><br>직접 연동 해제가 불가능한 경우, 【고객센터】를 클릭하여 도움을 요청하세요<br><br>자세한 내용은 Microsoft Account와 유니버스 통행증 계정 연동 공지를 참조하세요.<br>일상: 【</span><a href=""https://support.universe.example/articles"" data-type=""a"" link-type=""game_none"" rel=""noopener noreferrer nofollow"" target=""_blank""><u>https://support.universe.example/articles</u></a><span style=""color:rgba(0,0,0,1)"">】</span></p>",8,,"{'id': '840', 'question': 'Xbox에서 〈일상〉을 실행하면 「문제가 발생했습니다」라는 알림이 뜨는데 어떻게 해야 하나요?', 'important': True, 'category_id': '44', 'plat_types': []}",https://account.universe.example,0,OK
44,유니버스_통행증_이슈,PSN 계정을 잘못 연동했어요. PSN 계정을 연동 해제하려면 어떻게 해야 하나요?,"<p style=""white-space: pre-wrap;""><strong>PlayStation™Network 계정 연동 해제하기:</strong></p><p style=""white-space: pre-wrap;"">[<a href=""https://account.universe.example"" data-type=""a"" link-type=""game_none"" rel=""noopener noreferrer nofollow"" target=""_blank"">유니버스 통행증 공식 홈페이지</a>]에 로그인한 후 계정 연동 페이지로 이동하면 PlayStation™Network 계정의 연동을 해제할 수 있습니다.</p><p style=""white-space: pre-wrap; min-height: 1.5em;""></p><p style=""white-space: pre-wrap;""><strong>PlayStation®에서 유니버스 산하 게임에 [기존 계정으로 로그인]으로 접속한 다음 잘못 연동된 유니버스 계정 연동 해제하기:</strong></p><p style=""white-space: pre-wrap;"">유니버스 계정을 잘못 연동했을 경우, 다음과 같은 절차를 밟으면 연동 해제 후 다시 연동할 수 있습니다.</p><p style=""white-space: pre-wrap;"">연동 시 계정 정보가 올바른지 확인해 주세요.</p><p style=""white-space: pre-wrap;"">1. 다른 디바이스를 사용해서 귀하의 메일과 비밀번호로 [<a href=""https://account.universe.example"" data-type=""a"" link-type=""game_none"" rel=""noopener noreferrer nofollow"" target=""_blank"">유니버스 통행증 공식 홈페이지</a>]에 로그인해 주세요.</p><p style=""white-space: pre-wrap;"">2. 계정 연동 페이지에서 PlayStation™Network 계정의 연동을 해제해 주세요.</p><p style=""white-space: pre-wrap;"">3. PlayStation®에서 유니버스 산하 게임에 입장해 [기존 계정으로 로그인]으로 접속한 다음 다시 연동해 주세요.</p><p style=""white-space: pre-wrap; min-height: 1.5em;""></p><p style=""white-space: pre-wrap;""><strong>PlayStation®에서 유니버스 산하 게임에 접속할 때 [기존 계정으로 로그인]을 선택하지 않아서 게임 진행도가 초기화된 경우:</strong></p><p style=""white-space: pre-wrap;"">이때는 PlayStation™Network 계정이 자동으로 신규 유니버스 계정에 연동되었을 수 있습니다.</p><p style=""white-space: pre-wrap;"">PlayStation™Network 계정과 신규 유니버스 계정의 연동을 해제하려면 다음 절차를 참고해 주세요.</p><p style=""white-space: pre-wrap;"">1. PlayStation®에서 유니버스 산하 게임에 로그인해 주세요.</p><p style=""white-space: pre-wrap;"">2. 설정-계정을 통해 유저 센터를 방문해 주세요.</p><p style=""white-space: pre-wrap;"">3. 안내에 따라 귀하의 메일을 연동하고 비밀번호를 설정해 주세요.</p><p style=""white-space: pre-wrap;"">4. 다른 디바이스를 통해 위에서 설정한 메일과 비밀번호를 사용해서 [<a href=""https://account.universe.example"" data-type=""a"" link-type=""game_none"" rel=""noopener noreferrer nofollow"" target=""_blank"">유니버스 통행증 공식 홈페이지</a>]에 로그인해 주세요.</p><p style=""white-space: pre-wrap;"">5. 계정 연동 페이지에서 PlayStation™Network 계정의 연동을 해제해 주세요.</p><p style=""white-space: pre-wrap;"">6. PlayStation®에서 유니버스 산하 게임에 입장해 [기존 계정으로 로그인]을 선택해 주세요.</p><p style=""white-space: pre-wrap; min-height: 1.5em;""></p><p style=""white-space: pre-wrap;"">연동을 해제할 수 없는 경우, [고객센터]에 문의하면 도움을 받으실 수 있습니다.</p><p style=""white-space: pre-wrap;"">자세한 사항은 PlayStation™Network와 유니버스 통행증 계정 크로스 세이브 관련 공지를 참고해 주세요.</p><p style=""white-space: pre-wrap;"">일상: <a href=""https://support.universe.example/articles"" data-type=""a"" link-type=""game_none"" rel=""noopener noreferrer nofollow"" target=""_blank"">https://support.universe.example/articles</a></p><p style=""white-space: pre-wrap;"">붕괴: 스타레일: <a href=""https://support.universe.example/articles"" data-type=""a"" link-type=""game_none"" rel=""noopener noreferrer nofollow"" target=""_blank"">https://support.universe.example/articles</a></p><p style=""white-space: pre-wrap;"">젠레스 존 제로: <a href=""https://support.universe.example/articles"" data-type=""a"" link-type=""game_none"" rel=""noopener noreferrer nofollow"" target=""_blank"">https://support.universe.example/articles</a></p><p style=""white-space: pre-wrap; min-height: 1.5em;""></p>",6,,,https://account.universe.example,0,OK
44,유니버스_통행증_이슈,비밀번호를 잃어버렸으면 어떻게 해야 하나요?,"<p style=""white-space: pre-wrap;"">1. [유니버스 통행증 공식 홈페이지]의 로그인 화면에서 「<a href=""https://account.universe.example"" data-type=""a"" link-type=""game_none"" rel=""noopener noreferrer nofollow"" target=""_blank"">비밀번호 찾기</a>」를 선택하면 비밀번호를 새로 설정할 수 있습니다.</p><p style=""white-space: pre-wrap;"">2. 비밀번호를 새로 설정할 수 없는 경우, 고객센터에 연락해 도움을 받으시는 것을 추천합니다.</p>",5,,,https://account.universe.example,0,OK
44,유니버스_통행증_이슈,계정에 로그인할 때 오류가 뜨는데 어떻게 해야 하나요?,"<p style=""white-space: pre-wrap;""><strong>계정에 로그인하거나 계정 정보를 수정할 때 「요청이 너무 빈번합니다. 잠시 후 다시 시도해 주세요」라고 뜨는 경우:</strong></p><p style=""white-space: pre-wrap;"">오류 알림에 따라 일정 시간 후 다시 시도해 주세요.</p><p style=""white-space: pre-wrap; min-height: 1.5em;""></p><p style=""white-space: pre-wrap;""><strong>계정에 로그인하거나 계정 정보를 수정할 때 「요청 실패, 현재 네트워크 환경이 위험합니다」라고 뜨는 경우:</strong></p><p style=""white-space: pre-wrap;"">오류 알림에 따라 네트워크 환경을 조정한 다음 다시 시도해 주세요.</p><p style=""white-space: pre-wrap; min-height: 1.5em;""></p><p style=""white-space: pre-wrap;""><strong>계정에 로그인하거나 계정 정보를 수정할 때 「위험할 수 있는 조작입니다. 이메일을 통해 본인 인증을 해주세요」라고 뜨는 경우:</strong></p><p style=""white-space: pre-wrap;"">오류 알림에 따라 연동된 메일에서 관련 메일을 확인해 주세요.</p><p style=""white-space: pre-wrap; min-height: 1.5em;""></p><p style=""white-space: pre-wrap;"">위와 같은 방법으로도 문제가 해결되지 않을 경우, [고객센터]에 연락해 어떤 방법을 시도해 봤는지 알려주시면 도움을 받을 수 있습니다.</p><p style=""white-space: pre-wrap; min-height: 1.5em;""></p>",4,,,https://account.universe.example,0,OK
44,유니버스_통행증_이슈,계정 비밀번호는 어떻게 변경하나요?,"<p style=""white-space: pre-wrap;"">1. [<a href=""https://account.universe.example"" data-type=""a"" link-type=""game_none"" rel=""noopener noreferrer nofollow"" target=""_blank"">유니버스 통행증 공식 홈페이지</a>]에 로그인한 다음, 비밀번호와 보안-비밀번호 페이지로 이동하면 비밀번호를 변경할 수 있습니다.</p><p style=""white-space: pre-wrap;"">2. 유니버스 산하 게임에 로그인한 다음, 설정-계정을 통해 유저 센터에 방문해서 비밀번호를 변경할 수도 있습니다.</p><p style=""white-space: pre-wrap; min-height: 1.5em;""></p>",4,,,https://account.universe.example,0,OK
44,유니버스_통행증_이슈,Xbox에서 〈일상〉을 실행하면 「문제가 발생했습니다」라는 알림이 뜨는데 어떻게 해야 하나요?,"<p style=""white-space: pre-wrap;"">Xbox 디바이스를 재부팅한 후 다시 시도해 주세요. 해당 문제가 지속될 경우 〈일상〉 고객센터로 문의해 주시기 바랍니다: support@universe.example.</p><p style=""white-space: pre-wrap; min-height: 1.5em;""></p>",3,,"{'id': '841', 'question': 'Microsoft 계정을 어떻게 연결 해제해야 하나요? 잘못된 Microsoft 계정을 연결했는데 어떻게 해야 하나요?', 'important': True, 'category_id': '44', 'plat_types': []}",https://account.universe.example,0,OK
44,유니버스_통행증_이슈,게임 UID와 유니버스 통행증 ID는 무슨 관련이 있나요? 서로 같은 건가요?,"<p style=""white-space: pre-wrap;"">통행증 ID와 UID는 ID의 유형이 다릅니다.</p><p style=""white-space: pre-wrap;"">통행증 ID는 귀하의 유니버스 계정 ID이고, UID는 각 유니버스 산하 게임에 쓰이는 ID입니다.</p><p style=""white-space: pre-wrap;"">통행증 ID 하나에는 여러 UID가 포함될 수 있습니다.</p><p style=""white-space: pre-wrap; min-height: 1.5em;""></p>",3,,,https://account.universe.example,0,OK
44,유니버스_통행증_이슈,현재 서버의 게임 계정을 다른 서버로 옮겨 주실 수 있나요?,"<p style=""white-space: pre-wrap;"">죄송합니다. 해당 서비스는 현재 지원되지 않습니다. 유니버스 산하 게임의 공지를 확인해 주시기 바랍니다.</p><p style=""white-space: pre-wrap; min-height: 1.5em;""></p>",3,,,https://account.universe.example,0,OK
44,유니버스_통행증_이슈,아이디가 뭔가요? 유니버스 아이디를 변경할 수도 있나요?,"<p style=""white-space: pre-wrap;"">아이디는 유니버스 계정의 인증 수단으로, 게임이나 유니버스 계정에 로그인할 때 비밀번호와 함께 사용됩니다.</p><p style=""white-space: pre-wrap;"">아이디 설정은 다음과 같은 방법으로 진행할 수 있습니다.</p><p style=""white-space: pre-wrap;"">1. [<a href=""https://account.universe.example"" data-type=""a"" link-type=""game_none"" rel=""noopener noreferrer nofollow"" target=""_blank"">유니버스 통행증 공식 홈페이지</a>]에 로그인한 후, 기본 정보-아이디에서 「아이디 설정」을 누르면 설정할 수 있습니다.</p><p style=""white-space: pre-wrap;"">2. 유니버스 산하 게임에 로그인한 다음 설정-계정을 통해 유저 센터에 방문하면 위와 같은 방법으로 설정할 수 있습니다.</p><p style=""white-space: pre-wrap;"">주의: 계정 보안을 위해, 아이디를 연동한 이후에는 변경 및 연동 해제가 불가능합니다.</p><p style=""white-space: pre-wrap; min-height: 1.5em;""></p>",4,,,https://account.universe.example,0,OK
44,유니버스_통행증_이슈,"새로운 디바이스에서 Google이나 Apple 계정으로 유니버스 계정에 로그인할 수 없는데, 어떻게 해야 하나요?","<p style=""white-space: pre-wrap;"">유니버스 계정이 Google Play나 Apple 계정에만 연동된 상태에서는 새로운 휴대폰으로 교체 후 게임에 로그인할 수 없는 문제가 발생할 수 있습니다.</p><p style=""white-space: pre-wrap;"">귀하의 상황에 따라 다음의 방법을 시도해 볼 수 있습니다.""</p><p style=""white-space: pre-wrap; min-height: 1.5em;""></p><p style=""white-space: pre-wrap;""><strong>기존 디바이스를 그대로 보유 중이고, 게임에 로그인할 수 있는 경우:</strong></p><p style=""white-space: pre-wrap;"">게임 내에서 설정-계정을 통해 유저 센터에 방문해서 안내에 따라 계정에 메일을 연동하고 비밀번호를 설정한 다음, 새로운 디바이스에서 메일 주소와 비밀번호를 입력하면 게임에 로그인할 수 있습니다.</p><p style=""white-space: pre-wrap;"">※ 유저 센터에 기존에 연동된 메일이 표시되면 해당 메일로 로그인하거나 비밀번호를 재설정할 수 있습니다.</p><p style=""white-space: pre-wrap; min-height: 1.5em;""></p><p style=""white-space: pre-wrap;""><strong>기존 디바이스를 잃어버렸거나 게임에 로그인할 수 없는 경우:</strong></p><p style=""white-space: pre-wrap;"">[<a href=""https://account.universe.example"" data-type=""a"" link-type=""game_none"" rel=""noopener noreferrer nofollow"" target=""_blank"">유니버스 통행증 공식 홈페이지</a>]에서 Google이나 Apple 계정으로 로그인한 다음, 기본 정보-메일 페이지에서 「메일 연동」을 누르면 메일을 연동하고 비밀번호를 설정할 수 있습니다.</p><p style=""white-space: pre-wrap;"">※ 유니버스 통행증 공식 홈페이지에 기존에 연동된 메일이 표시되면 해당 메일로 로그인하거나 비밀번호를 재설정할 수 있습니다.</p>",5,,,https://account.universe.example,0,OK
44,유니버스_통행증_이슈,계정에 로그인하고 보니 게임 진행도가 초기화됐는데 어떻게 해야 하나요?,"<p style=""white-space: pre-wrap;""><strong>로그인한 서버가 올바른지 확인하기:</strong></p><p style=""white-space: pre-wrap;"">유니버스 산하 게임의 로그인 화면에서 올바른 서버가 선택됐는지 확인해 주세요.</p><p style=""white-space: pre-wrap;"">PlayStation®에서 유니버스 산하 게임에 입장하면 귀하의 PlayStation™Network 계정 지역 설정에 따라 다른 서버에 로그인될 수도 있습니다.</p><p style=""white-space: pre-wrap;"">자세한 사항은 PlayStation™Network와 유니버스 통행증 계정 크로스 세이브 관련 공지를 참고해 주세요.</p><p style=""white-space: pre-wrap;"">일상: https://support.universe.example/articles</p><p style=""white-space: pre-wrap;"">붕괴: 스타레일: https://support.universe.example/articles</p><p style=""white-space: pre-wrap;"">젠레스 존 제로: https://support.universe.example/articles</p><p style=""white-space: pre-wrap; min-height: 1.5em;""></p><p style=""white-space: pre-wrap;""><strong>로그인한 계정이 올바른지 확인하기:</strong></p><p style=""white-space: pre-wrap;"">현재 유니버스 산하 게임에서 지원되는 로그인 방식은 이메일 주소, 아이디, Google, X(Twitter), Facebook, Apple ID, GameCenter, PlayStation™Network 등입니다.</p><p style=""white-space: pre-wrap;"">Gmail 계정, Google, Apple ID와 GameCenter는 로그인 방식이 서로 다르니 유의해 주세요.</p><p style=""white-space: pre-wrap;"">[<a href=""https://account.universe.example"" data-type=""a"" link-type=""game_none"" rel=""noopener noreferrer nofollow"" target=""_blank"">유니버스 통행증 공식 홈페이지</a>]에 로그인하거나 유니버스 산하 게임 내에서 설정-계정을 통해 유저 센터에 방문하면 계정 연동 상태를 확인할 수 있습니다.</p><p style=""white-space: pre-wrap;"">정확한 메일 주소, 아이디, 제삼자 계정과 연동되어 있는지 확인한 다음, 정확한 정보를 사용해서 로그인해 주세요.</p><p style=""white-space: pre-wrap; min-height: 1.5em;""></p>",6,,,https://account.universe.example,0,OK
44,유니버스_통행증_이슈,유니버스 통행증 계정은 어떻게 가입하나요?,"<p style=""white-space: pre-wrap;"">1. [<a href=""https://account.universe.example"" data-type=""a"" link-type=""game_none"" rel=""noopener noreferrer nofollow"" target=""_blank"">유니버스 통행증 공식 홈페이지</a>]의 로그인 화면에서 「회원가입」을 누르면 가입할 수 있습니다.</p><p style=""white-space: pre-wrap;"">2. 유니버스 산하 게임의 로그인 화면에서 「회원가입」을 눌러서 가입하는 방법도 있습니다.</p><p style=""white-space: pre-wrap; min-height: 1.5em;""></p>",4,,,https://account.universe.example,0,OK
44,유니버스_통행증_이슈,유니버스 계정을 삭제하는 방법은?,"<p style=""white-space: pre-wrap;"">모든 삭제 프로세스를 완료하면 귀하의 유니버스 통행증(계정 내 개인 데이터 및 해당 계정으로 유니버스 제품을 플레이하며 생성된 데이터 포함, 이하 「계정」)이 영구적으로 삭제되어 복구할 수 없게 되오니 신중히 진행해 주세요.</p><p style=""white-space: pre-wrap; min-height: 1.5em;""></p><p style=""white-space: pre-wrap;""><strong><span style=""color:rgba(245,34,45,1)"">게임이나 애플리케이션의 데이터는 단독으로 삭제할 수 없습니다. 게임 계정을 삭제할 경우 해당 계정과 연동된 모든 게임 및 애플리케이션이 생성한 데이터도 삭제됩니다.</span></strong></p><p style=""white-space: pre-wrap; min-height: 1.5em;""></p><p style=""white-space: pre-wrap;"">계정을 삭제하려면 다음 절차를 따라 해 주세요.</p><p style=""white-space: pre-wrap;"">1. [<a href=""https://account.universe.example"" data-type=""a"" link-type=""game_none"" rel=""noopener noreferrer nofollow"" target=""_blank"">유니버스 통행증 공식 홈페이지</a>]에 로그인해 주세요.</p><p style=""white-space: pre-wrap;"">2. 좌측의 「개인 정보」를 눌러 주세요.</p><p style=""white-space: pre-wrap;"">3. 우측 하단의 「계정 삭제 요청」을 눌러 주세요.</p><p style=""white-space: pre-wrap;"">4. 휴대폰/메일/제삼자 계정을 인증하고 삭제 확인을 해주세요.</p><p style=""white-space: pre-wrap;"">5. 팝업창의 안내에 따라 「다음」을 선택해 주세요.</p><p style=""white-space: pre-wrap; min-height: 1.5em;""></p><p style=""white-space: pre-wrap;"">계정 삭제 신청 후 귀하의 계정은 30일 후(이하 「유예 기간」)에 영구적으로 삭제됩니다. 유예 기간 종료 전에 계정에 로그인하여 재활성화하면 계정의 삭제 신청이 취소됩니다. 유예 기간 내에 재활성화하지 않을 경우 기간 만료 후 계정이 자동 삭제되어 다시 복구할 수 없습니다.</p>",8,,,https://account.universe.example,0,OK
44,유니버스_통행증_이슈,어째서 인증 메일이 오지 않는 건가요?,"<p style=""white-space: pre-wrap;"">유니버스의 인증 메일은 모두 support@universe.example 또는 support@universe.example 도메인으로 발송됩니다. 해당 도메인의 메일이 있는지 확인해 보세요. 혹은 다음과 같은 방법을 시도해 볼 수도 있습니다.</p><p style=""white-space: pre-wrap;"">1. 스팸 메일로 분류된 것은 아닌지 확인해 주세요.</p><p style=""white-space: pre-wrap;"">2. 해당 도메인이 차단된 것이 아닌지 확인해 보거나, 직접 해당 도메인을 메일의 화이트리스트에 추가해 주세요.</p><p style=""white-space: pre-wrap;"">3. 해당 도메인이 도메인 공급업체에 의해 차단된 것이 아닌지 확인해 주세요.</p><p style=""white-space: pre-wrap;"">위 방법으로도 문제가 해결되지 않을 경우, [<a href=""https://account.universe.example"" data-type=""a"" link-type=""game_none"" rel=""noopener noreferrer nofollow"" target=""_blank"">이곳을 눌러</a>] 연동된 이메일을 변경해 주세요.</p><p style=""white-space: pre-wrap;"">기타 문의 사항은 [고객센터]로 연락해 주세요.</p>",4,,,https://account.universe.example,0,OK
44,유니버스_통행증_이슈,유니버스와 소설 계정의 연동을 어떻게 해제하나요?,"<p style=""white-space: pre-wrap;""><strong>Facebook이나 X(Twitter) 계정 연동 해제하기:</strong></p><p style=""white-space: pre-wrap;"">1. [<a href=""https://account.universe.example"" data-type=""a"" link-type=""game_none"" rel=""noopener noreferrer nofollow"" target=""_blank"">유니버스 통행증 공식 홈페이지</a>]의 계정 연동페이지로 이동하면 Facebook 또는 X(Twitter)의 연동을 해제할 수 있습니다.</p><p style=""white-space: pre-wrap;"">2. 유니버스 산하 게임에 로그인한 다음 설정-계정을 통해 유저 센터를 방문하면 해당 계정의 연동을 해제할 수 있습니다.</p><p style=""white-space: pre-wrap; min-height: 1.5em;""></p><p style=""white-space: pre-wrap;""><strong>Google, Apple, Game Center 계정 연동 해제하기:</strong></p><p style=""white-space: pre-wrap;"">iOS 또는 안드로이드 디바이스에서 유니버스 산하 게임에 로그인한 다음, 설정-계정을 통해 유저 센터를 방문하면 해당 계정의 연동을 해제할 수 있습니다.</p><p style=""white-space: pre-wrap; min-height: 1.5em;""></p><p style=""white-space: pre-wrap;"">이때 만약 SNS 계정만 연동한 상태라면, 계정 분실 방지를 위해 먼저 아이디/메일을 연동 후 비밀번호를 설정해야 SNS 계정 연동을 해제할 수 있습니다.</p><p style=""white-space: pre-wrap; min-height: 1.5em;""></p><p style=""white-space: pre-wrap;""><span style=""color:rgba(245,34,45,1)"">SNS 계정의 연동을 해제하면 더 이상 해당 SNS 계정으로 기존에 연동했던 유니버스 계정에 접속할 수 없습니다. 해당 SNS 계정으로 게임에 접속하면 새로운 계정이 생성되니 유의해 주세요.</span></p><p style=""white-space: pre-wrap; min-height: 1.5em;""></p>",6,,,https://account.universe.example,0,OK
44,유니버스_통행증_이슈,PlayStation™ Network 계정을 유니버스 계정과 연동할 수 있나요?,"<p style=""white-space: pre-wrap;""><strong>PC/모바일 디바이스의 기존 유니버스 계정과 PlayStation™Network 계정 연동하기:</strong></p><p style=""white-space: pre-wrap;"">PlayStation® 디바이스에서 유니버스 산하 게임에 처음 입장할 때 [기존 계정으로 로그인]을 선택한 다음, 알림 메시지를 따라 하면 유니버스 통행증과 사용 중인 PlayStation™Network 계정을 연동할 수 있습니다.</p><p style=""white-space: pre-wrap; min-height: 1.5em;""></p><p style=""white-space: pre-wrap;""><strong>PlayStation®에서 유니버스 산하 게임의 PlayStation® 버전을 플레이한 적이 있는 경우:</strong></p><p style=""white-space: pre-wrap;"">PlayStation®에서 유니버스 산하 게임에 처음 입장할 때 자동으로 PlayStation™Network 계정과 유니버스 계정이 연동되므로 다시 연동할 필요가 없습니다.</p><p style=""white-space: pre-wrap;"">다른 디바이스에서 해당 계정으로 플레이하려면 다음 절차를 참고해 주세요.</p><p style=""white-space: pre-wrap;"">1. PlayStation®에서 유니버스 산하 게임에 로그인해 주세요.</p><p style=""white-space: pre-wrap;"">2. 설정-계정을 통해 유저 센터를 방문해 주세요.</p><p style=""white-space: pre-wrap;"">3. 안내에 따라 귀하의 메일을 연동하고 비밀번호를 설정해 주세요.</p><p style=""white-space: pre-wrap;"">4. 다른 디바이스를 통해 위에서 설정한 메일과 비밀번호를 사용해서 유니버스 통행증에 로그인해 주세요.</p><p style=""white-space: pre-wrap;"">※ 유저 센터에 기존에 연동된 메일이 표시되는 경우에는 해당 메일로 로그인하거나 비밀번호를 재설정할 수 있습니다.</p><p style=""white-space: pre-wrap; min-height: 1.5em;""></p><p style=""white-space: pre-wrap;"">자세한 사항은 PlayStation™Network와 유니버스 통행증 계정 크로스 세이브 관련 공지를 참고해 주세요.</p><p style=""white-space: pre-wrap;"">일상：<a href=""https://support.universe.example/articles"" data-type=""a"" link-type=""game_none"" rel=""noopener noreferrer nofollow"" target=""_blank"">https://support.universe.example/articles</a></p><p style=""white-space: pre-wrap;"">붕괴: 스타레일：<a href=""https://support.universe.example/articles"" data-type=""a"" link-type=""game_none"" rel=""noopener noreferrer nofollow"" target=""_blank"">https://support.universe.example/articles</a></p><p style=""white-space: pre-wrap;""><span style=""background-color:rgb(255, 255, 255)"">젠레스 존 제로：</span><a href=""https://support.universe.example/articles"" data-type=""a"" link-type=""game_none"" rel=""noopener noreferrer nofollow"" target=""_blank"">https://support.universe.example/articles</a></p>",7,,,https://account.universe.example,0,OK
44,유니버스_통행증_이슈,휴대폰 번호를 연동하거나 연동된 휴대폰 번호를 변경하려면 어떻게 해야 하나요?,"<p style=""white-space: pre-wrap;"">1. [<a href=""https://account.universe.example"" data-type=""a"" link-type=""game_none"" rel=""noopener noreferrer nofollow"" target=""_blank"">유니버스 통행증 공식 홈페이지</a>]에 로그인한 다음 기본 정보-휴대폰 번호 페이지에서 「연동」을 누르면 휴대폰 번호를 연동할 수 있습니다. 휴대폰 번호를 연동하고 나면 동일한 페이지에서 연동된 휴대폰 번호를 변경할 수 있습니다.</p><p style=""white-space: pre-wrap;"">2. 유니버스 산하 게임에 로그인한 다음 설정-계정을 통해 유저 센터에 방문해도 위의 작업을 수행할 수 있습니다.</p><p style=""white-space: pre-wrap;"">위 방법으로도 문제가 해결되지 않을 경우, [고객센터]로 문의해 주시기 바랍니다.</p>",7,,,https://account.universe.example,0,OK
44,유니버스_통행증_이슈,Hoyoverse 통행증이 뭔가요?,"<p style=""white-space: pre-wrap;"">유니버스 통행증을 사용하면 유니버스 산하의 모든 게임에 로그인할 수 있습니다.</p><p style=""white-space: pre-wrap;"">계정 연동 시스템은 유니버스 산하의 모든 게임에서 사용 가능합니다. 예를 들어, A 게임에서 가입한 유니버스 통행증에 Facebook 계정을 연동할 경우, 동일한 유니버스 통행증으로 B 게임 로그인 시 해당 Facebook 계정 및 유니버스 통행증 계정의 연동 상태가 그대로 유지됩니다.</p><p style=""white-space: pre-wrap; min-height: 1.5em;""></p>",1,,,https://account.universe.example,0,OK
44,유니버스_통행증_이슈,SNS 계정을 연동하려면 어떻게 해야 하나요?,"<p style=""white-space: pre-wrap;""><strong>Facebook이나 X(Twitter) 계정 연동하기:</strong></p><p style=""white-space: pre-wrap;"">1. [<a href=""https://account.universe.example"" data-type=""a"" link-type=""game_none"" rel=""noopener noreferrer nofollow"" target=""_blank"">유니버스 통행증 공식 홈페이지</a>]의 계정 연동 페이지로 이동하면 Facebook 또는 X(Twitter) 계정을 연동할 수 있습니다.</p><p style=""white-space: pre-wrap;"">2. 유니버스 산하 게임에 로그인한 다음, 설정-계정을 통해 유저 센터에 방문하는 방법으로도 계정을 연동할 수 있습니다.</p><p style=""white-space: pre-wrap; min-height: 1.5em;""></p><p style=""white-space: pre-wrap;""><strong>Google, Apple, Game Center 계정 연동하기:</strong></p><p style=""white-space: pre-wrap;"">iOS 또는 안드로이드 디바이스에서 유니버스 산하 게임에 로그인한 다음, 설정-계정을 통해 유저 센터를 방문하면 계정을 연동할 수 있습니다.</p>",7,,,https://account.universe.example,0,OK
45,계정보안_이슈,제 계정에 로그인할 수 없어요. 어떻게 해야 하나요?,"<p style=""white-space: pre-wrap;"">1. [<a href=""https://account.universe.example"" data-type=""a"" link-type=""game_none"" rel=""noopener noreferrer nofollow"" target=""_blank"">유니버스 통행증 공식 홈페이지</a>]에 방문해서 메일이나 아이디를 정확하게 입력했는지 확인해 주세요.</p><p style=""white-space: pre-wrap;"">2. 유니버스 통행증 공식 홈페이지의 「<a href=""https://account.universe.example"" data-type=""a"" link-type=""game_none"" rel=""noopener noreferrer nofollow"" target=""_blank"">비밀번호 찾기</a>」를 통해 비밀번호를 재설정해 주세요.</p><p style=""white-space: pre-wrap;"">3. [<a href=""https://account.universe.example"" data-type=""a"" link-type=""game_none"" rel=""noopener noreferrer nofollow"" target=""_blank"">유니버스 통행증 공식 홈페이지</a>]에서 제삼자 계정(Google, Apple ID, Facebook, X(Twitter))으로 로그인하거나,</p><p style=""white-space: pre-wrap;"">유니버스 산하 게임에서 제삼자 계정(Google, Apple ID, Facebook, X(Twitter), GameCenter)으로 로그인해 보세요.</p><p style=""white-space: pre-wrap;"">그래도 로그인이 되지 않는다면 고객센터로 문의해 주세요.</p><p style=""white-space: pre-wrap; min-height: 1.5em;""></p>",7,,,https://account.universe.example,0,OK
45,계정보안_이슈,계정 복구를 신청하는 방법은?,"<p style=""white-space: pre-wrap;"">고객센터에 문의할 때 요청 사항에 따라 필요한 정보를 제공해 주세요. 고객센터에서 귀하의 정보를 확인하면 「유니버스 통행증 문제 신청서」의 작성 링크가 발송됩니다. 귀하의 상황에 부합하는 서비스 항목을 선택하고 필수 정보를 정확하게 작성해 주세요.</p><p style=""white-space: pre-wrap;"">서비스 센터 페이지에서 「유니버스 통행증 문제 신청서」를 눌러서 직접 제출할 수도 있습니다.</p><p style=""white-space: pre-wrap;"">신청서를 제출하면 번호가 포함된 확인 메일을 받게 됩니다. 해당 메일을 잘 보관하시고 신청 결과를 기다려 주세요. 신청 결과는 신청서 작성 시 기입하셨던 인증 메일로 발송되니 실시간으로 확인해 주세요. 계정 보호를 위해 메일의 안내에 따라 비밀번호를 바꾸거나 본인이 등록하지 않은 기기를 삭제해 주세요.</p><p style=""white-space: pre-wrap;"">「유니버스 통행증 문제 신청서」를 제출할 수 없는 경우 고객센터로 연락해 요청에 따라 정보를 제공해 주세요. 이미 신청서를 제출했다면 확인 메일에 있는 번호를 공유해 주세요. 더욱 빠르게 응대해 드리겠습니다.</p><p style=""white-space: pre-wrap; min-height: 1.5em;""></p>",1,,,https://account.universe.example,0,OK
45,계정보안_이슈,어떻게 하면 계정 보안을 강화할 수 있나요?,"<p style=""white-space: pre-wrap;""><strong>보안성이 높은 비밀번호 사용하기:</strong></p><p style=""white-space: pre-wrap;"">계정 보호를 위해 다른 계정과 중복되지 않는 비밀번호를 사용하시는 것을 권장합니다. 다른 계정의 비밀번호가 유출되더라도 유니버스 계정에 로그인할 수 없기 때문입니다.</p><p style=""white-space: pre-wrap; min-height: 1.5em;""></p><p style=""white-space: pre-wrap;""><strong>자주 쓰는 메일 연동하기:</strong></p><ol><li><p style=""white-space: pre-wrap;"">메일로 계정을 개설하거나 연동된 메일을 변경할 때 해당 메일을 장기간 사용하실 예정인지 반드시 확인해 주세요. 또한 메일 주소를 기억하고 개인 정보가 누출되지 않도록 주의해 주세요. 메일 주소를 잊었거나 접속할 수 없는 경우 해당 계정으로 로그인이 제한되거나 계정을 복구하지 못할 수도 있습니다.</p></li><li><p style=""white-space: pre-wrap;"">새로운 기기로 유니버스 계정에 로그인하거나, 비밀번호를 바꾸거나, 연동된 휴대폰 번호를 수정하는 경우 계정 보호를 위해 연동된 메일 주소로 인증 번호를 발송하게 됩니다.</p></li></ol><p style=""white-space: pre-wrap; min-height: 1.5em;""></p><p style=""white-space: pre-wrap;""><strong>SNS 계정 연동하기:</strong></p><p style=""white-space: pre-wrap;"">유니버스 계정은 Facebook, Google, Game Center, Apple, Twitter, PlayStation™Network 등 다양한 SNS 계정과 연동할 수 있습니다. 연동 후 해당 SNS 계정으로 유니버스에 로그인할 수 있습니다.</p><p style=""white-space: pre-wrap; min-height: 1.5em;""></p><p style=""white-space: pre-wrap;""><strong>계정을 구매, 판매하거나 공유하는 행위를 금지합니다.</strong></p><p style=""white-space: pre-wrap; min-height: 1.5em;""></p><p style=""white-space: pre-wrap;""><strong>인증되지 않은 비공식 채널에서 결제하지 마세요:</strong></p><p style=""white-space: pre-wrap;"">귀하의 계정 보안을 위협할 수 있는 비공식 채널을 통한 결제 혹은 대리 결제를 금지합니다. 게임 내에서 결제가 되지 않는 경우 지정된 고객센터로 연락하시거나 공식 홈페이지에서 결제할 수 있습니다.</p>",3,,"{'id': '687', 'question': '비밀번호를 잃어버렸으면 어떻게 해야 하나요?', 'important': False, 'category_id': '44', 'plat_types': []}, {'id': '688', 'question': 'SNS 계정을 연동하려면 어떻게 해야 하나요?', 'important': False, 'category_id': '44', 'plat_types': []}",https://account.universe.example,0,OK
45,계정보안_이슈,낯선 사람이 제 계정에 로그인한 것 같아요. 어떻게 해야 하나요?,"<p style=""white-space: pre-wrap;"">비밀번호 변경하기:</p><p style=""white-space: pre-wrap;"">유니버스 산하의 모든 게임 혹은 [<a href=""https://account.universe.example"" data-type=""a"" link-type=""game_none"" rel=""noopener noreferrer nofollow"" target=""_blank"">유니버스 통행증 공식 홈페이지</a>] 로그인 화면에서 「비밀번호 찾기」를 누르면 비밀번호 변경 화면으로 이동할 수 있습니다.</p><p style=""white-space: pre-wrap;"">로그인이 가능할 경우, [<a href=""https://account.universe.example"" data-type=""a"" link-type=""game_none"" rel=""noopener noreferrer nofollow"" target=""_blank"">유니버스 통행증 공식 홈페이지</a>]에 로그인한 다음 비밀번호와 보안-비밀번호 페이지로 이동하면 비밀번호를 변경할 수 있습니다.</p><p style=""white-space: pre-wrap; min-height: 1.5em;""></p><p style=""white-space: pre-wrap;"">연동된 메일과 휴대폰 번호 확인하기:</p><p style=""white-space: pre-wrap;"">[<a href=""https://account.universe.example"" data-type=""a"" link-type=""game_none"" rel=""noopener noreferrer nofollow"" target=""_blank"">유니버스 통행증 공식 홈페이지</a>]에 로그인한 다음 메일 및 휴대폰 번호가 타인에 의해 변경되었는지 확인해 주세요. 둘 중에서 하나라도 변경이 되었다면 즉시 다른 방법으로 인증한 후에 본인의 메일 혹은 휴대폰 번호로 다시 연동해 주세요. 연동을 변경할 수 없을 경우 고객센터로 연락해 계정을 복구해 주세요.</p><p style=""white-space: pre-wrap; min-height: 1.5em;""></p><p style=""white-space: pre-wrap;"">로그인 디바이스 확인하기:</p><p style=""white-space: pre-wrap;"">[<a href=""https://account.universe.example"" data-type=""a"" link-type=""game_none"" rel=""noopener noreferrer nofollow"" target=""_blank"">유니버스 통행증 공식 홈페이지</a>]에 로그인한 다음, 로그인한 디바이스 목록에 타인의 디바이스가 등록되어 있는지 확인해 주세요. 타인의 디바이스가 등록되어 있을 경우에는 우측에 위치한 「삭제」 버튼으로 해당 디바이스를 삭제할 수 있습니다.</p><p style=""white-space: pre-wrap; min-height: 1.5em;""></p><p style=""white-space: pre-wrap;"">계정 복구를 위한 이의 제기하기:</p><p style=""white-space: pre-wrap;"">유니버스 계정에 로그인하여 위의 작업을 할 수 없는 경우 [<a href=""https://account.universe.example"" data-type=""a"" link-type=""game_none"" rel=""noopener noreferrer nofollow"" target=""_blank"">계정 복구</a>]를 신청해 주세요.</p>",5,,"{'id': '702', 'question': '계정 복구를 신청하는 방법은?', 'important': False, 'category_id': '45', 'plat_types': []}",https://account.universe.example,0,OK
45,계정보안_이슈,유니버스 통행증은 어떤 개인정보를 수집하나요?,"<p style=""white-space: pre-wrap;"">개인정보 수집 및 보호와 관련된 내용은 당사의 개인정보처리방침(https://account.universe.example)에서 확인할 수 있습니다. 다른 문제가 있을 경우 privacy@universe.example으로 연락해 주시기 바랍니다.</p><p style=""white-space: pre-wrap;"">유니버스 산하 게임에서 수집하는 정보와 관련된 내용은 해당 게임의 개인정보처리방침을 참고해 주시기 바랍니다.</p><p style=""white-space: pre-wrap; min-height: 1.5em;""></p>",1,,,https://account.universe.example,0,OK
46,결제_관련_이슈,결제를 했는데 계정에 반영이 되지 않아요. 어떻게 해야 하나요?,"<p style=""white-space: pre-wrap;""><strong>Google Play 또는 Apple Pay에서 결제한 경우:</strong></p><p style=""white-space: pre-wrap;"">결제 시 사용한 디바이스로 게임에 로그인한 다음, 결제했으나 계정으로 지급되지 않은 상품을 선택해서 주문을 활성화해 주세요. (이때 결제는 하지 않도록 유의해 주세요.)</p><p style=""white-space: pre-wrap; min-height: 1.5em;""></p><p style=""white-space: pre-wrap;""><strong>Galaxy Store에서 결제한 경우:</strong></p><p style=""white-space: pre-wrap;"">결제 시 사용한 디바이스로 게임에 로그인한 다음, 게임 내 상점으로 이동해서 주문을 활성화해 주세요.</p><p style=""white-space: pre-wrap; min-height: 1.5em;""></p><p style=""white-space: pre-wrap;""><strong>PlayStation™Store에서 결제한 경우:</strong></p><p style=""white-space: pre-wrap;"">Step 1: 결제 시 사용한 PlayStation™Network 계정과 연동된 유니버스 통행증이 게임을 플레이할 때 사용한 유니버스 통행증이 맞는지 확인해 주세요.</p><p style=""white-space: pre-wrap;"">Step 2: 본인의 PlayStation™Network 계정이 소속된 지역이 귀하의 게임 계정이 소속된 서버와 일치하는지 확인해 주세요.</p><p style=""white-space: pre-wrap;"">위 두 단계를 거쳤음에도 문제가 없음이 확인되었을 경우, PlayStation® 디바이스를 재부팅하거나 다시 게임 내 상점으로 이동해서 주문을 활성화해 주세요.</p><p style=""white-space: pre-wrap; min-height: 1.5em;""></p><p style=""white-space: pre-wrap;""><strong>Epic Games Center에서 결제한 경우:</strong></p><p style=""white-space: pre-wrap;"">결제 시 사용했던 Epic Games 계정으로 로그인한 다음, Epic Games Center에서 게임에 로그인해서 주문을 활성화해 주세요.</p><p style=""white-space: pre-wrap; min-height: 1.5em;""></p><p style=""white-space: pre-wrap;""><strong>이밖에 다른 경로를 통해 결제했거나 위 방법으로도 문제가 해결되지 않을 경우,</strong></p><p style=""white-space: pre-wrap;""><strong>아래 정보를 기재해서 고객센터로 문의해 주시기 바랍니다.</strong></p><p style=""white-space: pre-wrap;"">1. 게임 타이틀 및 UID</p><p style=""white-space: pre-wrap;"">2. 문제가 발생했을 때 사용한 결제 경로</p><p style=""white-space: pre-wrap;"">3. 주문서 번호 (존재할 경우)</p><p style=""white-space: pre-wrap;"">4. 결제를 진행한 시간 (yyyy/mm/dd hh:mm.UTC+8)</p><p style=""white-space: pre-wrap;"">5. 중복 구매가 이루어졌을 경우, 추가로 구매된 주문서 번호</p><p style=""white-space: pre-wrap;"">6. 구매한 상품명</p><p style=""white-space: pre-wrap;"">7. 결제가 이루어진 증거 (존재할 경우)</p><p style=""white-space: pre-wrap;"">8. 발생한 문제를 최대한 자세하게 설명해 주세요.</p><p style=""white-space: pre-wrap; min-height: 1.5em;""></p>",4,,,https://account.universe.example,0,OK
46,결제_관련_이슈,직접 승인하지 않은 결제에 대한 환불은 어떻게 신청하나요?,"<p style=""white-space: pre-wrap;""><strong><span style=""color:rgba(0,0,0,1)"">예를 들어 아이가 게임 내 상품을 구매했는데 제가 그것을 허락하지 않은 경우, 환불이 가능한가요?</span></strong></p><p style=""white-space: pre-wrap;""><span style=""color:rgba(0,0,0,1)"">제삼자 플랫폼(App Store 또는 Google Play 등)에서 결제한 경우, 플랫폼 측에 환불 문의를 해주시기 바랍니다. 자세한 내용은 하단 링크에서 확인하실 수 있습니다.</span></p><p style=""white-space: pre-wrap;""><a href=""https://support.universe.example"" data-type=""a"" link-type=""game_none"" rel=""noopener noreferrer nofollow"" target=""_blank"">Apple Support</a></p><p style=""white-space: pre-wrap;""><a href=""https://support.universe.example"" data-type=""a"" link-type=""game_none"" rel=""noopener noreferrer nofollow"" target=""_blank"">Google Play Help</a></p><p style=""white-space: pre-wrap;""><span style=""color:rgba(0,0,0,1)"">기타 제삼자 앱스토어의 경우, 해당 앱스토어의 고객센터로 문의해 주시기 바랍니다.</span></p><p style=""white-space: pre-wrap;""><span style=""color:rgba(0,0,0,1)"">관련 법률과 앱스토어의 환불 정책은 이용자의 소재지와 이용자의 연령(미성년자 여부도 포함)에 따라 다르게 적용될 수 있으니 이 점 유의해 주시기 바랍니다.</span></p><p style=""white-space: pre-wrap;""><span style=""color:rgba(0,0,0,1)"">PC 클라이언트나 당사의 공식 홈페이지, PlayStation™Store 또는 기타 경로를 통해 결제를 진행한 경우, 고객센터로 문의하거나 이메일로 연락해 주세요.</span></p><p style=""white-space: pre-wrap; line-height: 2;""><span style=""color:rgba(0,0,0,1)"">일상: payment@universe.example<br>붕괴: 스타레일: payment@universe.example<br>젠레스 존 payment@universe.example<br>붕괴3rd: support@universe.example<br>미해결사건부: support@universe.example</span></p><p style=""white-space: pre-wrap; min-height: 1.5em; line-height: 2;""></p>",26,,,https://account.universe.example,0,OK
46,결제_관련_이슈,웹페이지에서 결제를 하려면 어떻게 해야 하나요?,"<p style=""white-space: pre-wrap;"">아래 충전 페이지에서 본인의 계정으로 로그인하면 결제를 진행할 수 있습니다. 결제 시 올바른 서버와 계정을 선택했는지 확인해 주세요.</p><p style=""white-space: pre-wrap;""><strong>일상:</strong> <a href=""https://payment.universe.example"" data-type=""a"" link-type=""game_none"" rel=""noopener noreferrer nofollow"" target=""_blank"">https://payment.universe.example</a></p><p style=""white-space: pre-wrap;""><strong>미해결사건부:</strong> <a href=""https://payment.universe.example"" data-type=""a"" link-type=""game_none"" rel=""noopener noreferrer nofollow"" target=""_blank"">https://payment.universe.example</a></p><p style=""white-space: pre-wrap;""><strong>붕괴3rd:</strong> </p><p style=""white-space: pre-wrap;""><span style=""background-color:rgb(255, 255, 255)"">한국 서버：</span><a href=""https://payment.universe.example"" data-type=""a"" link-type=""game_none"" rel=""noopener noreferrer nofollow"" target=""_blank""><span style=""background-color:rgb(255, 255, 255)"">https://payment.universe.example</span></a></p><p style=""white-space: pre-wrap;""><strong>붕괴: 스타레일:</strong> <a href=""https://payment.universe.example"" data-type=""a"" link-type=""game_none"" rel=""noopener noreferrer nofollow"" target=""_blank"">https://payment.universe.example</a></p><p style=""white-space: pre-wrap;""><strong>젠레스 존 제로:</strong> <a href=""https://payment.universe.example"" data-type=""a"" link-type=""game_none"" rel=""noopener noreferrer nofollow"" target=""_blank"">https://payment.universe.example</a></p><p style=""white-space: pre-wrap;"">궁금한 점이 있으면 [고객센터]로 문의해 주세요.</p><p style=""white-space: pre-wrap; min-height: 1.5em;""></p>",6,,,https://account.universe.example,0,OK
46,결제_관련_이슈,"게임 내에서 상품이 로드되지 않는데, 어떻게 해야 하나요?","<p style=""white-space: pre-wrap;""><strong>Google Play에서 구매한 경우 다음 방법을 시도해 보시기 바랍니다.</strong></p><p style=""white-space: pre-wrap;"">방법 1: 배터리 최적화 설정 비활성화하기</p><p style=""white-space: pre-wrap;"">설정창 열기-&gt; Google Play 검색하기</p><p style=""white-space: pre-wrap;"">「배터리」를 선택한 다음 「백그라운드 실행 허용」 기능 활성화하기</p><p style=""white-space: pre-wrap;"">「배터리 사용량 최적화」를 선택한 다음 Google Play가 최적화 대상이 되지 않도록 변경하기</p><p style=""white-space: pre-wrap;"">방법 2: Google Play를 최신 버전으로 업데이트한 다음 게임 재시작하기</p><p style=""white-space: pre-wrap;"">방법 3: Google Play에서 결제 방식을 전부 연동 해제한 다음 구글 계정을 로그아웃하고 구글 스토어 캐시 전부 삭제하기 / 이후 구글 계정으로 다시 로그인해서 결제 방식을 연동하고 게임 App 캐시를 삭제한 다음 게임 재시작하기</p><p style=""white-space: pre-wrap;"">방법 4: Google Play를 삭제한 다음 재설치하기</p><p style=""white-space: pre-wrap;"">주의: 일부 화웨이 디바이스는 Google Play를 지원하지 않으므로 해당 디바이스에서는 인앱 결제가 불가능할 수 있습니다. 따라서 유니버스 충전센터나 다른 디바이스를 통해 구매하실 것을 권장드립니다.</p><p style=""white-space: pre-wrap; min-height: 1.5em;""></p><p style=""white-space: pre-wrap;""><strong>Galaxy Store에서 구매한 경우 다음 방법을 시도해 보시기 바랍니다.</strong></p><p style=""white-space: pre-wrap;"">방법 1: Galaxy Store에서 결제 방식을 전부 연동 해제한 다음 삼성 계정을 로그아웃하기 / 이후 삼성 계정으로 다시 로그인해서 결제 방식을 연동한 다음 게임 재시작하기</p><p style=""white-space: pre-wrap;"">방법 2: 배터리 최적화 설정 비활성화하기</p><p style=""white-space: pre-wrap;"">설정창 열기-&gt; Galaxy Store 검색하기</p><p style=""white-space: pre-wrap;"">「배터리」를 선택한 다음 「백그라운드 실행 허용」 기능 활성화하기</p><p style=""white-space: pre-wrap;"">「배터리 사용량 최적화」를 선택한 다음 Galaxy Store가 최적화 대상이 되지 않도록 변경하기</p><p style=""white-space: pre-wrap; min-height: 1.5em;""></p><p style=""white-space: pre-wrap;""><strong>Apple Store에서 구매한 경우 다음 방법을 시도해 보시기 바랍니다.</strong></p><p style=""white-space: pre-wrap;"">방법 1:</p><p style=""white-space: pre-wrap;"">Apple ID 설정의 「국가/지역」이 본인의 게임 서버와 일치하는지 확인하기</p><p style=""white-space: pre-wrap;"">방법 2:</p><p style=""white-space: pre-wrap;"">App Store에서 결제 방식을 전부 연동 해제한 다음 Apple 계정을 로그아웃하고 App Store 캐시 전부 삭제하기 / 이후 Apple 계정으로 다시 로그인해서 결제 방식을 연동하고 게임 재시작하기</p><p style=""white-space: pre-wrap; min-height: 1.5em;""></p><p style=""white-space: pre-wrap;""><strong>PlayStation® 에서 구매한 경우 다음 방법을 시도해 보시기 바랍니다.</strong></p><p style=""white-space: pre-wrap;"">방법 1: PlayStation® 디바이스에서 PlayStation™Network 계정으로 다시 로그인한 다음 게임 재시작하기</p><p style=""white-space: pre-wrap;"">방법 2: 게임 패키지 다운로드 시 사용한 PlayStation™Network 계정이 본인의 서버와 일치하는지 확인하기</p><p style=""white-space: pre-wrap;"">주의: PlayStation™Network 계정이 소속된 국가/지역이 사우디아라비아 또는 벨기에인 경우 PlayStation® 플랫폼에서의 플레이 및 PlayStation® 디바이스를 통한 인앱 결제가 불가능하며, 알림 메시지(There is no content. It might not be for sale yet, or might no longer be for sale.)가 출력됩니다.</p><p style=""white-space: pre-wrap; min-height: 1.5em;""></p>",1,,,https://account.universe.example,0,OK
46,결제_관련_이슈,공식 충전센터/PC 클라이언트에서 결제를 시도했는데 「거래가 거부되었습니다. 기타 결제 방식을 선택해주세요」라는 팝업창이 떠요. 어떻게 해야 하나요?,"<p style=""white-space: pre-wrap;"">은행 카드 정보를 정확하게 입력했는지 확인한 다음 다시 시도해 보실 것을 권장드립니다. 그래도 해결되지 않는 경우, 다른 은행 카드나 기타 결제 방식을 사용해 주시기 바랍니다. 이용자님의 너른 양해 부탁드립니다.</p><p style=""white-space: pre-wrap; min-height: 1.5em;""></p>",1,,,https://account.universe.example,0,OK
46,결제_관련_이슈,공식 충전센터/PC 클라이언트에서 결제를 시도했는데 「거래가 거부되었습니다. 발급 은행에 문의해주세요~」라는 팝업창이 떠요. 어떻게 해야 하나요?,"<p style=""white-space: pre-wrap;"">다른 은행 카드나 기타 결제 방식으로 시도해 보실 것을 권장드립니다. 이 경우 해당 은행에 연락해서 거래가 거부된 이유에 대해 문의해 보시는 방법도 있습니다.</p><p style=""white-space: pre-wrap; min-height: 1.5em;""></p>",1,,,https://account.universe.example,0,OK


